name,link
The Grand Resort,https://www.booking.com/hotel/eg/the-grand-resort-hurghada.html?label=gen173nr-1FCAEoggI46AdIM1gEaEOIAQGYATG4ARfIAQ_YAQHoAQH4AQKIAgGoAgO4AtzRkroGwAIB0gIkNzI2MWQ0OTEtNzExNS00MTA4LTk0N2MtYjkwMDZmMmZlYWU32AIF4AIB&aid=304142&ucfs=1&arphpl=1&dest_id=-290029&dest_type=city&group_adults=2&req_adults=2&no_rooms=1&group_children=0&req_children=0&hpos=1&hapos=1&sr_order=popularity&srpvid=6f6c7b5019bd0087&srepoch=1732555938&from_sustainable_property_sr=1&from=searchresults
Shellghada Blue Beach,https://www.booking.com/hotel/eg/shellghada-blue-beach.html?label=gen173nr-1FCAEoggI46AdIM1gEaEOIAQGYATG4ARfIAQ_YAQHoAQH4AQKIAgGoAgO4AtzRkroGwAIB0gIkNzI2MWQ0OTEtNzExNS00MTA4LTk0N2MtYjkwMDZmMmZlYWU32AIF4AIB&aid=304142&ucfs=1&arphpl=1&dest_id=-290029&dest_type=city&group_adults=2&req_adults=2&no_rooms=1&group_children=0&req_children=0&hpos=2&hapos=2&sr_order=popularity&srpvid=6f6c7b5019bd0087&srepoch=1732555938&from=searchresults
Swiss Wellness Dive Resort,https://www.booking.com/hotel/eg/swisswellness-dive-resort.html?label=gen173nr-1FCAEoggI46AdIM1gEaEOIAQGYATG4ARfIAQ_YAQHoAQH4AQKIAgGoAgO4AtzRkroGwAIB0gIkNzI2MWQ0OTEtNzExNS00MTA4LTk0N2MtYjkwMDZmMmZlYWU32AIF4AIB&aid=304142&ucfs=1&arphpl=1&dest_id=-290029&dest_type=city&group_adults=2&req_adults=2&no_rooms=1&group_children=0&req_children=0&hpos=3&hapos=3&sr_order=popularity&srpvid=6f6c7b5019bd0087&srepoch=1732555938&from=searchresults
New Eagles Aqua Park Resort,https://www.booking.com/hotel/eg/new-eagles-resort-and-aquapark.html?label=gen173nr-1FCAEoggI46AdIM1gEaEOIAQGYATG4ARfIAQ_YAQHoAQH4AQKIAgGoAgO4AtzRkroGwAIB0gIkNzI2MWQ0OTEtNzExNS00MTA4LTk0N2MtYjkwMDZmMmZlYWU32AIF4AIB&aid=304142&ucfs=1&arphpl=1&dest_id=-290029&dest_type=city&group_adults=2&req_adults=2&no_rooms=1&group_children=0&req_children=0&hpos=4&hapos=4&sr_order=popularity&srpvid=6f6c7b5019bd0087&srepoch=1732555938&from_sustainable_property_sr=1&from=searchresults
Zen Resort Sahl Hasheesh by TBH Hotels,https://www.booking.com/hotel/eg/zen-sahl-hasheesh.html?label=gen173nr-1FCAEoggI46AdIM1gEaEOIAQGYATG4ARfIAQ_YAQHoAQH4AQKIAgGoAgO4AtzRkroGwAIB0gIkNzI2MWQ0OTEtNzExNS00MTA4LTk0N2MtYjkwMDZmMmZlYWU32AIF4AIB&aid=304142&ucfs=1&arphpl=1&dest_id=-290029&dest_type=city&group_adults=2&req_adults=2&no_rooms=1&group_children=0&req_children=0&hpos=5&hapos=5&sr_order=popularity&srpvid=6f6c7b5019bd0087&srepoch=1732555938&from=searchresults
Lazur Hotel Apartments,https://www.booking.com/hotel/eg/lazur-apartments-hurghada1.html?label=gen173nr-1FCAEoggI46AdIM1gEaEOIAQGYATG4ARfIAQ_YAQHoAQH4AQKIAgGoAgO4AtzRkroGwAIB0gIkNzI2MWQ0OTEtNzExNS00MTA4LTk0N2MtYjkwMDZmMmZlYWU32AIF4AIB&aid=304142&ucfs=1&arphpl=1&dest_id=-290029&dest_type=city&group_adults=2&req_adults=2&no_rooms=1&group_children=0&req_children=0&hpos=6&hapos=6&sr_order=popularity&srpvid=6f6c7b5019bd0087&srepoch=1732555938&from_sustainable_property_sr=1&from=searchresults
Bellagio Beach Resort & Spa,https://www.booking.com/hotel/eg/panorama-bungalows-resort.html?label=gen173nr-1FCAEoggI46AdIM1gEaEOIAQGYATG4ARfIAQ_YAQHoAQH4AQKIAgGoAgO4AtzRkroGwAIB0gIkNzI2MWQ0OTEtNzExNS00MTA4LTk0N2MtYjkwMDZmMmZlYWU32AIF4AIB&aid=304142&ucfs=1&arphpl=1&dest_id=-290029&dest_type=city&group_adults=2&req_adults=2&no_rooms=1&group_children=0&req_children=0&hpos=7&hapos=7&sr_order=popularity&srpvid=6f6c7b5019bd0087&srepoch=1732555938&from=searchresults
Marina Square Hostel,https://www.booking.com/hotel/eg/marina-hostel-hurghada.html?label=gen173nr-1FCAEoggI46AdIM1gEaEOIAQGYATG4ARfIAQ_YAQHoAQH4AQKIAgGoAgO4AtzRkroGwAIB0gIkNzI2MWQ0OTEtNzExNS00MTA4LTk0N2MtYjkwMDZmMmZlYWU32AIF4AIB&aid=304142&ucfs=1&arphpl=1&dest_id=-290029&dest_type=city&group_adults=2&req_adults=2&no_rooms=1&group_children=0&req_children=0&hpos=8&hapos=8&sr_order=popularity&srpvid=6f6c7b5019bd0087&srepoch=1732555938&from=searchresults
Beach Albatros Aqua Park - Hurghada,https://www.booking.com/hotel/eg/beach-albatros-resort.html?label=gen173nr-1FCAEoggI46AdIM1gEaEOIAQGYATG4ARfIAQ_YAQHoAQH4AQKIAgGoAgO4AtzRkroGwAIB0gIkNzI2MWQ0OTEtNzExNS00MTA4LTk0N2MtYjkwMDZmMmZlYWU32AIF4AIB&aid=304142&ucfs=1&arphpl=1&dest_id=-290029&dest_type=city&group_adults=2&req_adults=2&no_rooms=1&group_children=0&req_children=0&hpos=9&hapos=9&sr_order=popularity&srpvid=6f6c7b5019bd0087&srepoch=1732555938&from_sustainable_property_sr=1&from=searchresults
Pickalbatros Citadel Resort Sahl Hasheesh,https://www.booking.com/hotel/eg/citadel-azur-resort.html?label=gen173nr-1FCAEoggI46AdIM1gEaEOIAQGYATG4ARfIAQ_YAQHoAQH4AQKIAgGoAgO4AtzRkroGwAIB0gIkNzI2MWQ0OTEtNzExNS00MTA4LTk0N2MtYjkwMDZmMmZlYWU32AIF4AIB&aid=304142&ucfs=1&arphpl=1&dest_id=-290029&dest_type=city&group_adults=2&req_adults=2&no_rooms=1&group_children=0&req_children=0&hpos=10&hapos=10&sr_order=popularity&srpvid=6f6c7b5019bd0087&srepoch=1732555938&from_sustainable_property_sr=1&from=searchresults
Flow Spectrum Resort Sahl Hasheesh,https://www.booking.com/hotel/eg/flow-spectrum-resort-sahl-hasheesh.html?label=gen173nr-1FCAEoggI46AdIM1gEaEOIAQGYATG4ARfIAQ_YAQHoAQH4AQKIAgGoAgO4AtzRkroGwAIB0gIkNzI2MWQ0OTEtNzExNS00MTA4LTk0N2MtYjkwMDZmMmZlYWU32AIF4AIB&aid=304142&ucfs=1&arphpl=1&dest_id=-290029&dest_type=city&group_adults=2&req_adults=2&no_rooms=1&group_children=0&req_children=0&hpos=11&hapos=11&sr_order=popularity&srpvid=6f6c7b5019bd0087&srepoch=1732555938&from=searchresults
Palm Inn Suites Hotel,https://www.booking.com/hotel/eg/palm-inn-city-suite.html?label=gen173nr-1FCAEoggI46AdIM1gEaEOIAQGYATG4ARfIAQ_YAQHoAQH4AQKIAgGoAgO4AtzRkroGwAIB0gIkNzI2MWQ0OTEtNzExNS00MTA4LTk0N2MtYjkwMDZmMmZlYWU32AIF4AIB&aid=304142&ucfs=1&arphpl=1&dest_id=-290029&dest_type=city&group_adults=2&req_adults=2&no_rooms=1&group_children=0&req_children=0&hpos=12&hapos=12&sr_order=popularity&srpvid=6f6c7b5019bd0087&srepoch=1732555938&from_sustainable_property_sr=1&from=searchresults
Steigenberger Golf Resort El Gouna,https://www.booking.com/hotel/eg/steigenberger-golf-resort-el-gouna.html?label=gen173nr-1FCAEoggI46AdIM1gEaEOIAQGYATG4ARfIAQ_YAQHoAQH4AQKIAgGoAgO4AtzRkroGwAIB0gIkNzI2MWQ0OTEtNzExNS00MTA4LTk0N2MtYjkwMDZmMmZlYWU32AIF4AIB&aid=304142&ucfs=1&arphpl=1&dest_id=-290029&dest_type=city&group_adults=2&req_adults=2&no_rooms=1&group_children=0&req_children=0&hpos=13&hapos=13&sr_order=popularity&srpvid=6f6c7b5019bd0087&srepoch=1732555938&from_sustainable_property_sr=1&from=searchresults
Casa Cook El Gouna - Adults Only,https://www.booking.com/hotel/eg/casa-cook.html?label=gen173nr-1FCAEoggI46AdIM1gEaEOIAQGYATG4ARfIAQ_YAQHoAQH4AQKIAgGoAgO4AtzRkroGwAIB0gIkNzI2MWQ0OTEtNzExNS00MTA4LTk0N2MtYjkwMDZmMmZlYWU32AIF4AIB&aid=304142&ucfs=1&arphpl=1&dest_id=-290029&dest_type=city&group_adults=2&req_adults=2&no_rooms=1&group_children=0&req_children=0&hpos=14&hapos=14&sr_order=popularity&srpvid=6f6c7b5019bd0087&srepoch=1732555938&from_sustainable_property_sr=1&from=searchresults
Sunrise Holidays Resort -Adults Only,https://www.booking.com/hotel/eg/suneise-holidays-resort.html?label=gen173nr-1FCAEoggI46AdIM1gEaEOIAQGYATG4ARfIAQ_YAQHoAQH4AQKIAgGoAgO4AtzRkroGwAIB0gIkNzI2MWQ0OTEtNzExNS00MTA4LTk0N2MtYjkwMDZmMmZlYWU32AIF4AIB&aid=304142&ucfs=1&arphpl=1&dest_id=-290029&dest_type=city&group_adults=2&req_adults=2&no_rooms=1&group_children=0&req_children=0&hpos=15&hapos=15&sr_order=popularity&srpvid=6f6c7b5019bd0087&srepoch=1732555938&from=searchresults
Siva Grand Beach,https://www.booking.com/hotel/eg/siva-grand-beach.html?label=gen173nr-1FCAEoggI46AdIM1gEaEOIAQGYATG4ARfIAQ_YAQHoAQH4AQKIAgGoAgO4AtzRkroGwAIB0gIkNzI2MWQ0OTEtNzExNS00MTA4LTk0N2MtYjkwMDZmMmZlYWU32AIF4AIB&aid=304142&ucfs=1&arphpl=1&dest_id=-290029&dest_type=city&group_adults=2&req_adults=2&no_rooms=1&group_children=0&req_children=0&hpos=16&hapos=16&sr_order=popularity&srpvid=6f6c7b5019bd0087&srepoch=1732555938&from_sustainable_property_sr=1&from=searchresults
Pickalbatros White Beach Resort - Hurghada,https://www.booking.com/hotel/eg/albatros-white-beach.html?label=gen173nr-1FCAEoggI46AdIM1gEaEOIAQGYATG4ARfIAQ_YAQHoAQH4AQKIAgGoAgO4AtzRkroGwAIB0gIkNzI2MWQ0OTEtNzExNS00MTA4LTk0N2MtYjkwMDZmMmZlYWU32AIF4AIB&aid=304142&ucfs=1&arphpl=1&dest_id=-290029&dest_type=city&group_adults=2&req_adults=2&no_rooms=1&group_children=0&req_children=0&hpos=17&hapos=17&sr_order=popularity&srpvid=6f6c7b5019bd0087&srepoch=1732555938&from_sustainable_property_sr=1&from=searchresults
Al Dora Residence Suites Hurghada,https://www.booking.com/hotel/eg/al-dora-residence-suites-hurghada4.html?label=gen173nr-1FCAEoggI46AdIM1gEaEOIAQGYATG4ARfIAQ_YAQHoAQH4AQKIAgGoAgO4AtzRkroGwAIB0gIkNzI2MWQ0OTEtNzExNS00MTA4LTk0N2MtYjkwMDZmMmZlYWU32AIF4AIB&aid=304142&ucfs=1&arphpl=1&dest_id=-290029&dest_type=city&group_adults=2&req_adults=2&no_rooms=1&group_children=0&req_children=0&hpos=18&hapos=18&sr_order=popularity&srpvid=6f6c7b5019bd0087&srepoch=1732555938&from_sustainable_property_sr=1&from=searchresults
Serenity Alpha Beach - Ex Serenity Makadi Beach,https://www.booking.com/hotel/eg/serenity-makadi-heights.html?label=gen173nr-1FCAEoggI46AdIM1gEaEOIAQGYATG4ARfIAQ_YAQHoAQH4AQKIAgGoAgO4AtzRkroGwAIB0gIkNzI2MWQ0OTEtNzExNS00MTA4LTk0N2MtYjkwMDZmMmZlYWU32AIF4AIB&aid=304142&ucfs=1&arphpl=1&dest_id=-290029&dest_type=city&group_adults=2&req_adults=2&no_rooms=1&group_children=0&req_children=0&hpos=19&hapos=19&sr_order=popularity&srpvid=6f6c7b5019bd0087&srepoch=1732555938&from_sustainable_property_sr=1&from=searchresults
Lamera Hotel,https://www.booking.com/hotel/eg/lamera.html?label=gen173nr-1FCAEoggI46AdIM1gEaEOIAQGYATG4ARfIAQ_YAQHoAQH4AQKIAgGoAgO4AtzRkroGwAIB0gIkNzI2MWQ0OTEtNzExNS00MTA4LTk0N2MtYjkwMDZmMmZlYWU32AIF4AIB&aid=304142&ucfs=1&arphpl=1&dest_id=-290029&dest_type=city&group_adults=2&req_adults=2&no_rooms=1&group_children=0&req_children=0&hpos=20&hapos=20&sr_order=popularity&srpvid=6f6c7b5019bd0087&srepoch=1732555938&from_sustainable_property_sr=1&from=searchresults
Meraki Resort - Adults Only,https://www.booking.com/hotel/eg/shedwan-golden-beach-resort.html?label=gen173nr-1FCAEoggI46AdIM1gEaEOIAQGYATG4ARfIAQ_YAQHoAQH4AQKIAgGoAgO4AtzRkroGwAIB0gIkNzI2MWQ0OTEtNzExNS00MTA4LTk0N2MtYjkwMDZmMmZlYWU32AIF4AIB&aid=304142&ucfs=1&arphpl=1&dest_id=-290029&dest_type=city&group_adults=2&req_adults=2&no_rooms=1&group_children=0&req_children=0&hpos=21&hapos=21&sr_order=popularity&srpvid=6f6c7b5019bd0087&srepoch=1732555938&from=searchresults
Sunrise Aqua Joy Resort,https://www.booking.com/hotel/eg/mirage-new-hawaii-resort-amp-spa.html?label=gen173nr-1FCAEoggI46AdIM1gEaEOIAQGYATG4ARfIAQ_YAQHoAQH4AQKIAgGoAgO4AtzRkroGwAIB0gIkNzI2MWQ0OTEtNzExNS00MTA4LTk0N2MtYjkwMDZmMmZlYWU32AIF4AIB&aid=304142&ucfs=1&arphpl=1&dest_id=-290029&dest_type=city&group_adults=2&req_adults=2&no_rooms=1&group_children=0&req_children=0&hpos=22&hapos=22&sr_order=popularity&srpvid=6f6c7b5019bd0087&srepoch=1732555938&from=searchresults
The Boutique Hotel Hurghada Marina,https://www.booking.com/hotel/eg/the-boutique-hurghada.html?label=gen173nr-1FCAEoggI46AdIM1gEaEOIAQGYATG4ARfIAQ_YAQHoAQH4AQKIAgGoAgO4AtzRkroGwAIB0gIkNzI2MWQ0OTEtNzExNS00MTA4LTk0N2MtYjkwMDZmMmZlYWU32AIF4AIB&aid=304142&ucfs=1&arphpl=1&dest_id=-290029&dest_type=city&group_adults=2&req_adults=2&no_rooms=1&group_children=0&req_children=0&hpos=23&hapos=23&sr_order=popularity&srpvid=6f6c7b5019bd0087&srepoch=1732555938&from_sustainable_property_sr=1&from=searchresults
Pickalbatros Aqua Vista Resort - Hurghada,https://www.booking.com/hotel/eg/aqua-vista-resort-spa.html?label=gen173nr-1FCAEoggI46AdIM1gEaEOIAQGYATG4ARfIAQ_YAQHoAQH4AQKIAgGoAgO4AtzRkroGwAIB0gIkNzI2MWQ0OTEtNzExNS00MTA4LTk0N2MtYjkwMDZmMmZlYWU32AIF4AIB&aid=304142&ucfs=1&arphpl=1&dest_id=-290029&dest_type=city&group_adults=2&req_adults=2&no_rooms=1&group_children=0&req_children=0&hpos=24&hapos=24&sr_order=popularity&srpvid=6f6c7b5019bd0087&srepoch=1732555938&from_sustainable_property_sr=1&from=searchresults
"The Grand Hotel, Hurghada",https://www.booking.com/hotel/eg/the-grand.html?label=gen173nr-1FCAEoggI46AdIM1gEaEOIAQGYATG4ARfIAQ_YAQHoAQH4AQKIAgGoAgO4AtzRkroGwAIB0gIkNzI2MWQ0OTEtNzExNS00MTA4LTk0N2MtYjkwMDZmMmZlYWU32AIF4AIB&aid=304142&ucfs=1&arphpl=1&dest_id=-290029&dest_type=city&group_adults=2&req_adults=2&no_rooms=1&group_children=0&req_children=0&hpos=25&hapos=25&sr_order=popularity&srpvid=6f6c7b5019bd0087&srepoch=1732555938&from_sustainable_property_sr=1&from=searchresults
The Grand Resort,https://www.booking.com/hotel/eg/the-grand-resort-hurghada.html?label=gen173nr-1FCAEoggI46AdIM1gEaEOIAQGYATG4ARfIAQ_YAQHoAQH4AQKIAgGoAgO4AtzRkroGwAIB0gIkNzI2MWQ0OTEtNzExNS00MTA4LTk0N2MtYjkwMDZmMmZlYWU32AIF4AIB&aid=304142&ucfs=1&arphpl=1&dest_id=-290029&dest_type=city&group_adults=2&req_adults=2&no_rooms=1&group_children=0&req_children=0&hpos=1&hapos=1&sr_order=popularity&srpvid=e19c7b5116d902d3&srepoch=1732555940&from_sustainable_property_sr=1&from=searchresults
Shellghada Blue Beach,https://www.booking.com/hotel/eg/shellghada-blue-beach.html?label=gen173nr-1FCAEoggI46AdIM1gEaEOIAQGYATG4ARfIAQ_YAQHoAQH4AQKIAgGoAgO4AtzRkroGwAIB0gIkNzI2MWQ0OTEtNzExNS00MTA4LTk0N2MtYjkwMDZmMmZlYWU32AIF4AIB&aid=304142&ucfs=1&arphpl=1&dest_id=-290029&dest_type=city&group_adults=2&req_adults=2&no_rooms=1&group_children=0&req_children=0&hpos=2&hapos=2&sr_order=popularity&srpvid=e19c7b5116d902d3&srepoch=1732555940&from=searchresults
Swiss Wellness Dive Resort,https://www.booking.com/hotel/eg/swisswellness-dive-resort.html?label=gen173nr-1FCAEoggI46AdIM1gEaEOIAQGYATG4ARfIAQ_YAQHoAQH4AQKIAgGoAgO4AtzRkroGwAIB0gIkNzI2MWQ0OTEtNzExNS00MTA4LTk0N2MtYjkwMDZmMmZlYWU32AIF4AIB&aid=304142&ucfs=1&arphpl=1&dest_id=-290029&dest_type=city&group_adults=2&req_adults=2&no_rooms=1&group_children=0&req_children=0&hpos=3&hapos=3&sr_order=popularity&srpvid=e19c7b5116d902d3&srepoch=1732555940&from=searchresults
New Eagles Aqua Park Resort,https://www.booking.com/hotel/eg/new-eagles-resort-and-aquapark.html?label=gen173nr-1FCAEoggI46AdIM1gEaEOIAQGYATG4ARfIAQ_YAQHoAQH4AQKIAgGoAgO4AtzRkroGwAIB0gIkNzI2MWQ0OTEtNzExNS00MTA4LTk0N2MtYjkwMDZmMmZlYWU32AIF4AIB&aid=304142&ucfs=1&arphpl=1&dest_id=-290029&dest_type=city&group_adults=2&req_adults=2&no_rooms=1&group_children=0&req_children=0&hpos=4&hapos=4&sr_order=popularity&srpvid=e19c7b5116d902d3&srepoch=1732555940&from_sustainable_property_sr=1&from=searchresults
Zen Resort Sahl Hasheesh by TBH Hotels,https://www.booking.com/hotel/eg/zen-sahl-hasheesh.html?label=gen173nr-1FCAEoggI46AdIM1gEaEOIAQGYATG4ARfIAQ_YAQHoAQH4AQKIAgGoAgO4AtzRkroGwAIB0gIkNzI2MWQ0OTEtNzExNS00MTA4LTk0N2MtYjkwMDZmMmZlYWU32AIF4AIB&aid=304142&ucfs=1&arphpl=1&dest_id=-290029&dest_type=city&group_adults=2&req_adults=2&no_rooms=1&group_children=0&req_children=0&hpos=5&hapos=5&sr_order=popularity&srpvid=e19c7b5116d902d3&srepoch=1732555940&from=searchresults
Lazur Hotel Apartments,https://www.booking.com/hotel/eg/lazur-apartments-hurghada1.html?label=gen173nr-1FCAEoggI46AdIM1gEaEOIAQGYATG4ARfIAQ_YAQHoAQH4AQKIAgGoAgO4AtzRkroGwAIB0gIkNzI2MWQ0OTEtNzExNS00MTA4LTk0N2MtYjkwMDZmMmZlYWU32AIF4AIB&aid=304142&ucfs=1&arphpl=1&dest_id=-290029&dest_type=city&group_adults=2&req_adults=2&no_rooms=1&group_children=0&req_children=0&hpos=6&hapos=6&sr_order=popularity&srpvid=e19c7b5116d902d3&srepoch=1732555940&from_sustainable_property_sr=1&from=searchresults
Bellagio Beach Resort & Spa,https://www.booking.com/hotel/eg/panorama-bungalows-resort.html?label=gen173nr-1FCAEoggI46AdIM1gEaEOIAQGYATG4ARfIAQ_YAQHoAQH4AQKIAgGoAgO4AtzRkroGwAIB0gIkNzI2MWQ0OTEtNzExNS00MTA4LTk0N2MtYjkwMDZmMmZlYWU32AIF4AIB&aid=304142&ucfs=1&arphpl=1&dest_id=-290029&dest_type=city&group_adults=2&req_adults=2&no_rooms=1&group_children=0&req_children=0&hpos=7&hapos=7&sr_order=popularity&srpvid=e19c7b5116d902d3&srepoch=1732555940&from=searchresults
Davinci Beach Resort,https://www.booking.com/hotel/eg/sea-gate.html?label=gen173nr-1FCAEoggI46AdIM1gEaEOIAQGYATG4ARfIAQ_YAQHoAQH4AQKIAgGoAgO4AtzRkroGwAIB0gIkNzI2MWQ0OTEtNzExNS00MTA4LTk0N2MtYjkwMDZmMmZlYWU32AIF4AIB&aid=304142&ucfs=1&arphpl=1&dest_id=-290029&dest_type=city&group_adults=2&req_adults=2&no_rooms=1&group_children=0&req_children=0&hpos=8&hapos=8&sr_order=popularity&srpvid=e19c7b5116d902d3&srepoch=1732555940&from_sustainable_property_sr=1&from=searchresults
Marina Square Hostel,https://www.booking.com/hotel/eg/marina-hostel-hurghada.html?label=gen173nr-1FCAEoggI46AdIM1gEaEOIAQGYATG4ARfIAQ_YAQHoAQH4AQKIAgGoAgO4AtzRkroGwAIB0gIkNzI2MWQ0OTEtNzExNS00MTA4LTk0N2MtYjkwMDZmMmZlYWU32AIF4AIB&aid=304142&ucfs=1&arphpl=1&dest_id=-290029&dest_type=city&group_adults=2&req_adults=2&no_rooms=1&group_children=0&req_children=0&hpos=9&hapos=9&sr_order=popularity&srpvid=e19c7b5116d902d3&srepoch=1732555940&from=searchresults
Beach Albatros Aqua Park - Hurghada,https://www.booking.com/hotel/eg/beach-albatros-resort.html?label=gen173nr-1FCAEoggI46AdIM1gEaEOIAQGYATG4ARfIAQ_YAQHoAQH4AQKIAgGoAgO4AtzRkroGwAIB0gIkNzI2MWQ0OTEtNzExNS00MTA4LTk0N2MtYjkwMDZmMmZlYWU32AIF4AIB&aid=304142&ucfs=1&arphpl=1&dest_id=-290029&dest_type=city&group_adults=2&req_adults=2&no_rooms=1&group_children=0&req_children=0&hpos=10&hapos=10&sr_order=popularity&srpvid=e19c7b5116d902d3&srepoch=1732555940&from_sustainable_property_sr=1&from=searchresults
Flow Spectrum Resort Sahl Hasheesh,https://www.booking.com/hotel/eg/flow-spectrum-resort-sahl-hasheesh.html?label=gen173nr-1FCAEoggI46AdIM1gEaEOIAQGYATG4ARfIAQ_YAQHoAQH4AQKIAgGoAgO4AtzRkroGwAIB0gIkNzI2MWQ0OTEtNzExNS00MTA4LTk0N2MtYjkwMDZmMmZlYWU32AIF4AIB&aid=304142&ucfs=1&arphpl=1&dest_id=-290029&dest_type=city&group_adults=2&req_adults=2&no_rooms=1&group_children=0&req_children=0&hpos=11&hapos=11&sr_order=popularity&srpvid=e19c7b5116d902d3&srepoch=1732555940&from=searchresults
Palm Inn Suites Hotel,https://www.booking.com/hotel/eg/palm-inn-city-suite.html?label=gen173nr-1FCAEoggI46AdIM1gEaEOIAQGYATG4ARfIAQ_YAQHoAQH4AQKIAgGoAgO4AtzRkroGwAIB0gIkNzI2MWQ0OTEtNzExNS00MTA4LTk0N2MtYjkwMDZmMmZlYWU32AIF4AIB&aid=304142&ucfs=1&arphpl=1&dest_id=-290029&dest_type=city&group_adults=2&req_adults=2&no_rooms=1&group_children=0&req_children=0&hpos=12&hapos=12&sr_order=popularity&srpvid=e19c7b5116d902d3&srepoch=1732555940&from_sustainable_property_sr=1&from=searchresults
Casa Cook El Gouna - Adults Only,https://www.booking.com/hotel/eg/casa-cook.html?label=gen173nr-1FCAEoggI46AdIM1gEaEOIAQGYATG4ARfIAQ_YAQHoAQH4AQKIAgGoAgO4AtzRkroGwAIB0gIkNzI2MWQ0OTEtNzExNS00MTA4LTk0N2MtYjkwMDZmMmZlYWU32AIF4AIB&aid=304142&ucfs=1&arphpl=1&dest_id=-290029&dest_type=city&group_adults=2&req_adults=2&no_rooms=1&group_children=0&req_children=0&hpos=13&hapos=13&sr_order=popularity&srpvid=e19c7b5116d902d3&srepoch=1732555940&from_sustainable_property_sr=1&from=searchresults
Pickalbatros White Beach Resort - Hurghada,https://www.booking.com/hotel/eg/albatros-white-beach.html?label=gen173nr-1FCAEoggI46AdIM1gEaEOIAQGYATG4ARfIAQ_YAQHoAQH4AQKIAgGoAgO4AtzRkroGwAIB0gIkNzI2MWQ0OTEtNzExNS00MTA4LTk0N2MtYjkwMDZmMmZlYWU32AIF4AIB&aid=304142&ucfs=1&arphpl=1&dest_id=-290029&dest_type=city&group_adults=2&req_adults=2&no_rooms=1&group_children=0&req_children=0&hpos=14&hapos=14&sr_order=popularity&srpvid=e19c7b5116d902d3&srepoch=1732555940&from_sustainable_property_sr=1&from=searchresults
Al Dora Residence Suites Hurghada,https://www.booking.com/hotel/eg/al-dora-residence-suites-hurghada4.html?label=gen173nr-1FCAEoggI46AdIM1gEaEOIAQGYATG4ARfIAQ_YAQHoAQH4AQKIAgGoAgO4AtzRkroGwAIB0gIkNzI2MWQ0OTEtNzExNS00MTA4LTk0N2MtYjkwMDZmMmZlYWU32AIF4AIB&aid=304142&ucfs=1&arphpl=1&dest_id=-290029&dest_type=city&group_adults=2&req_adults=2&no_rooms=1&group_children=0&req_children=0&hpos=15&hapos=15&sr_order=popularity&srpvid=e19c7b5116d902d3&srepoch=1732555940&from_sustainable_property_sr=1&from=searchresults
Serenity Alpha Beach - Ex Serenity Makadi Beach,https://www.booking.com/hotel/eg/serenity-makadi-heights.html?label=gen173nr-1FCAEoggI46AdIM1gEaEOIAQGYATG4ARfIAQ_YAQHoAQH4AQKIAgGoAgO4AtzRkroGwAIB0gIkNzI2MWQ0OTEtNzExNS00MTA4LTk0N2MtYjkwMDZmMmZlYWU32AIF4AIB&aid=304142&ucfs=1&arphpl=1&dest_id=-290029&dest_type=city&group_adults=2&req_adults=2&no_rooms=1&group_children=0&req_children=0&hpos=16&hapos=16&sr_order=popularity&srpvid=e19c7b5116d902d3&srepoch=1732555940&from_sustainable_property_sr=1&from=searchresults
Lamera Hotel,https://www.booking.com/hotel/eg/lamera.html?label=gen173nr-1FCAEoggI46AdIM1gEaEOIAQGYATG4ARfIAQ_YAQHoAQH4AQKIAgGoAgO4AtzRkroGwAIB0gIkNzI2MWQ0OTEtNzExNS00MTA4LTk0N2MtYjkwMDZmMmZlYWU32AIF4AIB&aid=304142&ucfs=1&arphpl=1&dest_id=-290029&dest_type=city&group_adults=2&req_adults=2&no_rooms=1&group_children=0&req_children=0&hpos=17&hapos=17&sr_order=popularity&srpvid=e19c7b5116d902d3&srepoch=1732555940&from_sustainable_property_sr=1&from=searchresults
Meraki Resort - Adults Only,https://www.booking.com/hotel/eg/shedwan-golden-beach-resort.html?label=gen173nr-1FCAEoggI46AdIM1gEaEOIAQGYATG4ARfIAQ_YAQHoAQH4AQKIAgGoAgO4AtzRkroGwAIB0gIkNzI2MWQ0OTEtNzExNS00MTA4LTk0N2MtYjkwMDZmMmZlYWU32AIF4AIB&aid=304142&ucfs=1&arphpl=1&dest_id=-290029&dest_type=city&group_adults=2&req_adults=2&no_rooms=1&group_children=0&req_children=0&hpos=18&hapos=18&sr_order=popularity&srpvid=e19c7b5116d902d3&srepoch=1732555940&from=searchresults
Sunrise Aqua Joy Resort,https://www.booking.com/hotel/eg/mirage-new-hawaii-resort-amp-spa.html?label=gen173nr-1FCAEoggI46AdIM1gEaEOIAQGYATG4ARfIAQ_YAQHoAQH4AQKIAgGoAgO4AtzRkroGwAIB0gIkNzI2MWQ0OTEtNzExNS00MTA4LTk0N2MtYjkwMDZmMmZlYWU32AIF4AIB&aid=304142&ucfs=1&arphpl=1&dest_id=-290029&dest_type=city&group_adults=2&req_adults=2&no_rooms=1&group_children=0&req_children=0&hpos=19&hapos=19&sr_order=popularity&srpvid=e19c7b5116d902d3&srepoch=1732555940&from=searchresults
The Boutique Hotel Hurghada Marina,https://www.booking.com/hotel/eg/the-boutique-hurghada.html?label=gen173nr-1FCAEoggI46AdIM1gEaEOIAQGYATG4ARfIAQ_YAQHoAQH4AQKIAgGoAgO4AtzRkroGwAIB0gIkNzI2MWQ0OTEtNzExNS00MTA4LTk0N2MtYjkwMDZmMmZlYWU32AIF4AIB&aid=304142&ucfs=1&arphpl=1&dest_id=-290029&dest_type=city&group_adults=2&req_adults=2&no_rooms=1&group_children=0&req_children=0&hpos=20&hapos=20&sr_order=popularity&srpvid=e19c7b5116d902d3&srepoch=1732555940&from_sustainable_property_sr=1&from=searchresults
Pickalbatros Aqua Vista Resort - Hurghada,https://www.booking.com/hotel/eg/aqua-vista-resort-spa.html?label=gen173nr-1FCAEoggI46AdIM1gEaEOIAQGYATG4ARfIAQ_YAQHoAQH4AQKIAgGoAgO4AtzRkroGwAIB0gIkNzI2MWQ0OTEtNzExNS00MTA4LTk0N2MtYjkwMDZmMmZlYWU32AIF4AIB&aid=304142&ucfs=1&arphpl=1&dest_id=-290029&dest_type=city&group_adults=2&req_adults=2&no_rooms=1&group_children=0&req_children=0&hpos=21&hapos=21&sr_order=popularity&srpvid=e19c7b5116d902d3&srepoch=1732555940&from_sustainable_property_sr=1&from=searchresults
"The Grand Hotel, Hurghada",https://www.booking.com/hotel/eg/the-grand.html?label=gen173nr-1FCAEoggI46AdIM1gEaEOIAQGYATG4ARfIAQ_YAQHoAQH4AQKIAgGoAgO4AtzRkroGwAIB0gIkNzI2MWQ0OTEtNzExNS00MTA4LTk0N2MtYjkwMDZmMmZlYWU32AIF4AIB&aid=304142&ucfs=1&arphpl=1&dest_id=-290029&dest_type=city&group_adults=2&req_adults=2&no_rooms=1&group_children=0&req_children=0&hpos=22&hapos=22&sr_order=popularity&srpvid=e19c7b5116d902d3&srepoch=1732555940&from_sustainable_property_sr=1&from=searchresults
Eagles Downtown Zahabia & Beach Resort,https://www.booking.com/hotel/eg/zahabia-amp-beach-resort-hurghada4.html?label=gen173nr-1FCAEoggI46AdIM1gEaEOIAQGYATG4ARfIAQ_YAQHoAQH4AQKIAgGoAgO4AtzRkroGwAIB0gIkNzI2MWQ0OTEtNzExNS00MTA4LTk0N2MtYjkwMDZmMmZlYWU32AIF4AIB&aid=304142&ucfs=1&arphpl=1&dest_id=-290029&dest_type=city&group_adults=2&req_adults=2&no_rooms=1&group_children=0&req_children=0&hpos=23&hapos=23&sr_order=popularity&srpvid=e19c7b5116d902d3&srepoch=1732555940&from=searchresults
Movenpick Resort & Spa El Gouna,https://www.booking.com/hotel/eg/moevenpick-resort-spa-el-gouna.html?label=gen173nr-1FCAEoggI46AdIM1gEaEOIAQGYATG4ARfIAQ_YAQHoAQH4AQKIAgGoAgO4AtzRkroGwAIB0gIkNzI2MWQ0OTEtNzExNS00MTA4LTk0N2MtYjkwMDZmMmZlYWU32AIF4AIB&aid=304142&ucfs=1&arphpl=1&dest_id=-290029&dest_type=city&group_adults=2&req_adults=2&no_rooms=1&group_children=0&req_children=0&hpos=24&hapos=24&sr_order=popularity&srpvid=e19c7b5116d902d3&srepoch=1732555940&from_sustainable_property_sr=1&from=searchresults
Hilton Hurghada Plaza Hotel,https://www.booking.com/hotel/eg/hilton-hurghada-plaza.html?label=gen173nr-1FCAEoggI46AdIM1gEaEOIAQGYATG4ARfIAQ_YAQHoAQH4AQKIAgGoAgO4AtzRkroGwAIB0gIkNzI2MWQ0OTEtNzExNS00MTA4LTk0N2MtYjkwMDZmMmZlYWU32AIF4AIB&aid=304142&ucfs=1&arphpl=1&dest_id=-290029&dest_type=city&group_adults=2&req_adults=2&no_rooms=1&group_children=0&req_children=0&hpos=25&hapos=25&sr_order=popularity&srpvid=e19c7b5116d902d3&srepoch=1732555940&from_sustainable_property_sr=1&from=searchresults
The Grand Hotel Sharm El Sheikh,https://www.booking.com/hotel/eg/the-grand-ssh.html?label=gen173nr-1FCAEoggI46AdIM1gEaEOIAQGYATG4ARfIAQ_YAQHoAQH4AQKIAgGoAgO4AtzRkroGwAIB0gIkNzI2MWQ0OTEtNzExNS00MTA4LTk0N2MtYjkwMDZmMmZlYWU32AIF4AIB&aid=304142&ucfs=1&arphpl=1&dest_id=-302053&dest_type=city&group_adults=2&req_adults=2&no_rooms=1&group_children=0&req_children=0&hpos=1&hapos=1&sr_order=popularity&srpvid=5ac17b52fb390544&srepoch=1732555941&from_sustainable_property_sr=1&from=searchresults
Sharm Resort,https://www.booking.com/hotel/eg/sharm-resort.html?label=gen173nr-1FCAEoggI46AdIM1gEaEOIAQGYATG4ARfIAQ_YAQHoAQH4AQKIAgGoAgO4AtzRkroGwAIB0gIkNzI2MWQ0OTEtNzExNS00MTA4LTk0N2MtYjkwMDZmMmZlYWU32AIF4AIB&aid=304142&ucfs=1&arphpl=1&dest_id=-302053&dest_type=city&group_adults=2&req_adults=2&no_rooms=1&group_children=0&req_children=0&hpos=2&hapos=2&sr_order=popularity&srpvid=5ac17b52fb390544&srepoch=1732555941&from_sustainable_property_sr=1&from=searchresults
Meraki Resort Sharm El Sheikh Adults only,https://www.booking.com/hotel/eg/meraki-resort-sharm-el-sheikh.html?label=gen173nr-1FCAEoggI46AdIM1gEaEOIAQGYATG4ARfIAQ_YAQHoAQH4AQKIAgGoAgO4AtzRkroGwAIB0gIkNzI2MWQ0OTEtNzExNS00MTA4LTk0N2MtYjkwMDZmMmZlYWU32AIF4AIB&aid=304142&ucfs=1&arphpl=1&dest_id=-302053&dest_type=city&group_adults=2&req_adults=2&no_rooms=1&group_children=0&req_children=0&hpos=3&hapos=3&sr_order=popularity&srpvid=5ac17b52fb390544&srepoch=1732555941&from_sustainable_property_sr=1&from=searchresults
Pickalbatros Royal Grand Sharm - Adults Friendly 16 Years Plus,https://www.booking.com/hotel/eg/royal-grand-sharm.html?label=gen173nr-1FCAEoggI46AdIM1gEaEOIAQGYATG4ARfIAQ_YAQHoAQH4AQKIAgGoAgO4AtzRkroGwAIB0gIkNzI2MWQ0OTEtNzExNS00MTA4LTk0N2MtYjkwMDZmMmZlYWU32AIF4AIB&aid=304142&ucfs=1&arphpl=1&dest_id=-302053&dest_type=city&group_adults=2&req_adults=2&no_rooms=1&group_children=0&req_children=0&hpos=4&hapos=4&sr_order=popularity&srpvid=5ac17b52fb390544&srepoch=1732555941&from_sustainable_property_sr=1&from=searchresults
V Hotel Sharm El Shiekh,https://www.booking.com/hotel/eg/pyramisa-resort.html?label=gen173nr-1FCAEoggI46AdIM1gEaEOIAQGYATG4ARfIAQ_YAQHoAQH4AQKIAgGoAgO4AtzRkroGwAIB0gIkNzI2MWQ0OTEtNzExNS00MTA4LTk0N2MtYjkwMDZmMmZlYWU32AIF4AIB&aid=304142&ucfs=1&arphpl=1&dest_id=-302053&dest_type=city&group_adults=2&req_adults=2&no_rooms=1&group_children=0&req_children=0&hpos=5&hapos=5&sr_order=popularity&srpvid=5ac17b52fb390544&srepoch=1732555941&from_sustainable_property_sr=1&from=searchresults
Dive Inn Resort,https://www.booking.com/hotel/eg/dive-inn-resort.html?label=gen173nr-1FCAEoggI46AdIM1gEaEOIAQGYATG4ARfIAQ_YAQHoAQH4AQKIAgGoAgO4AtzRkroGwAIB0gIkNzI2MWQ0OTEtNzExNS00MTA4LTk0N2MtYjkwMDZmMmZlYWU32AIF4AIB&aid=304142&ucfs=1&arphpl=1&dest_id=-302053&dest_type=city&group_adults=2&req_adults=2&no_rooms=1&group_children=0&req_children=0&hpos=6&hapos=6&sr_order=popularity&srpvid=5ac17b52fb390544&srepoch=1732555941&from_sustainable_property_sr=1&from=searchresults
Ghazala Beach,https://www.booking.com/hotel/eg/ghazala-beach.html?label=gen173nr-1FCAEoggI46AdIM1gEaEOIAQGYATG4ARfIAQ_YAQHoAQH4AQKIAgGoAgO4AtzRkroGwAIB0gIkNzI2MWQ0OTEtNzExNS00MTA4LTk0N2MtYjkwMDZmMmZlYWU32AIF4AIB&aid=304142&ucfs=1&arphpl=1&dest_id=-302053&dest_type=city&group_adults=2&req_adults=2&no_rooms=1&group_children=0&req_children=0&hpos=7&hapos=7&sr_order=popularity&srpvid=5ac17b52fb390544&srepoch=1732555941&from_sustainable_property_sr=1&from=searchresults
Amphoras Blu,https://www.booking.com/hotel/eg/shores-aloha-resort.html?label=gen173nr-1FCAEoggI46AdIM1gEaEOIAQGYATG4ARfIAQ_YAQHoAQH4AQKIAgGoAgO4AtzRkroGwAIB0gIkNzI2MWQ0OTEtNzExNS00MTA4LTk0N2MtYjkwMDZmMmZlYWU32AIF4AIB&aid=304142&ucfs=1&arphpl=1&dest_id=-302053&dest_type=city&group_adults=2&req_adults=2&no_rooms=1&group_children=0&req_children=0&hpos=8&hapos=8&sr_order=popularity&srpvid=5ac17b52fb390544&srepoch=1732555941&from_sustainable_property_sr=1&from=searchresults
Regency Star Hotel,https://www.booking.com/hotel/eg/regency-star.html?label=gen173nr-1FCAEoggI46AdIM1gEaEOIAQGYATG4ARfIAQ_YAQHoAQH4AQKIAgGoAgO4AtzRkroGwAIB0gIkNzI2MWQ0OTEtNzExNS00MTA4LTk0N2MtYjkwMDZmMmZlYWU32AIF4AIB&aid=304142&ucfs=1&arphpl=1&dest_id=-302053&dest_type=city&group_adults=2&req_adults=2&no_rooms=1&group_children=0&req_children=0&hpos=9&hapos=9&sr_order=popularity&srpvid=5ac17b52fb390544&srepoch=1732555941&from_sustainable_property_sr=1&from=searchresults
Amphoras Beach,https://www.booking.com/hotel/eg/shore-amphoras.html?label=gen173nr-1FCAEoggI46AdIM1gEaEOIAQGYATG4ARfIAQ_YAQHoAQH4AQKIAgGoAgO4AtzRkroGwAIB0gIkNzI2MWQ0OTEtNzExNS00MTA4LTk0N2MtYjkwMDZmMmZlYWU32AIF4AIB&aid=304142&ucfs=1&arphpl=1&dest_id=-302053&dest_type=city&group_adults=2&req_adults=2&no_rooms=1&group_children=0&req_children=0&hpos=10&hapos=10&sr_order=popularity&srpvid=5ac17b52fb390544&srepoch=1732555941&from_sustainable_property_sr=1&from=searchresults
Sentido Reef Oasis Aqua Park Resort,https://www.booking.com/hotel/eg/reef-oasis-senses-resort.html?label=gen173nr-1FCAEoggI46AdIM1gEaEOIAQGYATG4ARfIAQ_YAQHoAQH4AQKIAgGoAgO4AtzRkroGwAIB0gIkNzI2MWQ0OTEtNzExNS00MTA4LTk0N2MtYjkwMDZmMmZlYWU32AIF4AIB&aid=304142&ucfs=1&arphpl=1&dest_id=-302053&dest_type=city&group_adults=2&req_adults=2&no_rooms=1&group_children=0&req_children=0&hpos=11&hapos=11&sr_order=popularity&srpvid=5ac17b52fb390544&srepoch=1732555941&from_sustainable_property_sr=1&from=searchresults
Pickalbatros Laguna Club Resort Sharm El Sheikh,https://www.booking.com/hotel/eg/pickalbatros-laguna-club-resort-sharm-el-sheikh-adults-only-16.html?label=gen173nr-1FCAEoggI46AdIM1gEaEOIAQGYATG4ARfIAQ_YAQHoAQH4AQKIAgGoAgO4AtzRkroGwAIB0gIkNzI2MWQ0OTEtNzExNS00MTA4LTk0N2MtYjkwMDZmMmZlYWU32AIF4AIB&aid=304142&ucfs=1&arphpl=1&dest_id=-302053&dest_type=city&group_adults=2&req_adults=2&no_rooms=1&group_children=0&req_children=0&hpos=12&hapos=12&sr_order=popularity&srpvid=5ac17b52fb390544&srepoch=1732555941&from_sustainable_property_sr=1&from=searchresults
Steigenberger Alcazar,https://www.booking.com/hotel/eg/steigenberger-alcazar.html?label=gen173nr-1FCAEoggI46AdIM1gEaEOIAQGYATG4ARfIAQ_YAQHoAQH4AQKIAgGoAgO4AtzRkroGwAIB0gIkNzI2MWQ0OTEtNzExNS00MTA4LTk0N2MtYjkwMDZmMmZlYWU32AIF4AIB&aid=304142&ucfs=1&arphpl=1&dest_id=-302053&dest_type=city&group_adults=2&req_adults=2&no_rooms=1&group_children=0&req_children=0&hpos=13&hapos=13&sr_order=popularity&srpvid=5ac17b52fb390544&srepoch=1732555941&from_sustainable_property_sr=1&from=searchresults
Charmillion Club Resort,https://www.booking.com/hotel/eg/sea-club-resort.html?label=gen173nr-1FCAEoggI46AdIM1gEaEOIAQGYATG4ARfIAQ_YAQHoAQH4AQKIAgGoAgO4AtzRkroGwAIB0gIkNzI2MWQ0OTEtNzExNS00MTA4LTk0N2MtYjkwMDZmMmZlYWU32AIF4AIB&aid=304142&ucfs=1&arphpl=1&dest_id=-302053&dest_type=city&group_adults=2&req_adults=2&no_rooms=1&group_children=0&req_children=0&hpos=14&hapos=14&sr_order=popularity&srpvid=5ac17b52fb390544&srepoch=1732555941&from_sustainable_property_sr=1&from=searchresults
Pickalbatros Laguna Vista Aqua Park - Sharm El Sheikh,https://www.booking.com/hotel/eg/laguna-vista-beach-resort.html?label=gen173nr-1FCAEoggI46AdIM1gEaEOIAQGYATG4ARfIAQ_YAQHoAQH4AQKIAgGoAgO4AtzRkroGwAIB0gIkNzI2MWQ0OTEtNzExNS00MTA4LTk0N2MtYjkwMDZmMmZlYWU32AIF4AIB&aid=304142&ucfs=1&arphpl=1&dest_id=-302053&dest_type=city&group_adults=2&req_adults=2&no_rooms=1&group_children=0&req_children=0&hpos=15&hapos=15&sr_order=popularity&srpvid=5ac17b52fb390544&srepoch=1732555941&from_sustainable_property_sr=1&from=searchresults
Reef Oasis Blue Bay Resort & Spa,https://www.booking.com/hotel/eg/reef-oasis-blue-bay-sharm-el-sheikh.html?label=gen173nr-1FCAEoggI46AdIM1gEaEOIAQGYATG4ARfIAQ_YAQHoAQH4AQKIAgGoAgO4AtzRkroGwAIB0gIkNzI2MWQ0OTEtNzExNS00MTA4LTk0N2MtYjkwMDZmMmZlYWU32AIF4AIB&aid=304142&ucfs=1&arphpl=1&dest_id=-302053&dest_type=city&group_adults=2&req_adults=2&no_rooms=1&group_children=0&req_children=0&hpos=16&hapos=16&sr_order=popularity&srpvid=5ac17b52fb390544&srepoch=1732555941&from_sustainable_property_sr=1&from=searchresults
Cleopatra Luxury Resort Sharm - Adults Only 16 years plus,https://www.booking.com/hotel/eg/cleopatra-luxury-resort-aquarium.html?label=gen173nr-1FCAEoggI46AdIM1gEaEOIAQGYATG4ARfIAQ_YAQHoAQH4AQKIAgGoAgO4AtzRkroGwAIB0gIkNzI2MWQ0OTEtNzExNS00MTA4LTk0N2MtYjkwMDZmMmZlYWU32AIF4AIB&aid=304142&ucfs=1&arphpl=1&dest_id=-302053&dest_type=city&group_adults=2&req_adults=2&no_rooms=1&group_children=0&req_children=0&hpos=17&hapos=17&sr_order=popularity&srpvid=5ac17b52fb390544&srepoch=1732555941&from_sustainable_property_sr=1&from=searchresults
"Pickalbatros Palace Sharm - ""Aqua Park""",https://www.booking.com/hotel/eg/melia-sharm-resort-spa.html?label=gen173nr-1FCAEoggI46AdIM1gEaEOIAQGYATG4ARfIAQ_YAQHoAQH4AQKIAgGoAgO4AtzRkroGwAIB0gIkNzI2MWQ0OTEtNzExNS00MTA4LTk0N2MtYjkwMDZmMmZlYWU32AIF4AIB&aid=304142&ucfs=1&arphpl=1&dest_id=-302053&dest_type=city&group_adults=2&req_adults=2&no_rooms=1&group_children=0&req_children=0&hpos=18&hapos=18&sr_order=popularity&srpvid=5ac17b52fb390544&srepoch=1732555941&from_sustainable_property_sr=1&from=searchresults
Sunrise Montemare Resort -Grand Select,https://www.booking.com/hotel/eg/sunrise-grand-select-montemare-resort.html?label=gen173nr-1FCAEoggI46AdIM1gEaEOIAQGYATG4ARfIAQ_YAQHoAQH4AQKIAgGoAgO4AtzRkroGwAIB0gIkNzI2MWQ0OTEtNzExNS00MTA4LTk0N2MtYjkwMDZmMmZlYWU32AIF4AIB&aid=304142&ucfs=1&arphpl=1&dest_id=-302053&dest_type=city&group_adults=2&req_adults=2&no_rooms=1&group_children=0&req_children=0&hpos=19&hapos=19&sr_order=popularity&srpvid=5ac17b52fb390544&srepoch=1732555941&from=searchresults
Safir Sharm Waterfalls Resort,https://www.booking.com/hotel/eg/hilton-sharm-waterfalls-resort.html?label=gen173nr-1FCAEoggI46AdIM1gEaEOIAQGYATG4ARfIAQ_YAQHoAQH4AQKIAgGoAgO4AtzRkroGwAIB0gIkNzI2MWQ0OTEtNzExNS00MTA4LTk0N2MtYjkwMDZmMmZlYWU32AIF4AIB&aid=304142&ucfs=1&arphpl=1&dest_id=-302053&dest_type=city&group_adults=2&req_adults=2&no_rooms=1&group_children=0&req_children=0&hpos=20&hapos=20&sr_order=popularity&srpvid=5ac17b52fb390544&srepoch=1732555941&from_sustainable_property_sr=1&from=searchresults
Royal Savoy Sharm El Sheikh,https://www.booking.com/hotel/eg/royal-savoy.html?label=gen173nr-1FCAEoggI46AdIM1gEaEOIAQGYATG4ARfIAQ_YAQHoAQH4AQKIAgGoAgO4AtzRkroGwAIB0gIkNzI2MWQ0OTEtNzExNS00MTA4LTk0N2MtYjkwMDZmMmZlYWU32AIF4AIB&aid=304142&ucfs=1&arphpl=1&dest_id=-302053&dest_type=city&group_adults=2&req_adults=2&no_rooms=1&group_children=0&req_children=0&hpos=21&hapos=21&sr_order=popularity&srpvid=5ac17b52fb390544&srepoch=1732555941&from_sustainable_property_sr=1&from=searchresults
Serenity Lodge,https://www.booking.com/hotel/eg/serenity-sharm-el-sheikh-south-sinai-governate.html?label=gen173nr-1FCAEoggI46AdIM1gEaEOIAQGYATG4ARfIAQ_YAQHoAQH4AQKIAgGoAgO4AtzRkroGwAIB0gIkNzI2MWQ0OTEtNzExNS00MTA4LTk0N2MtYjkwMDZmMmZlYWU32AIF4AIB&aid=304142&ucfs=1&arphpl=1&dest_id=-302053&dest_type=city&group_adults=2&req_adults=2&no_rooms=1&group_children=0&req_children=0&hpos=22&hapos=22&sr_order=popularity&srpvid=5ac17b52fb390544&srepoch=1732555941&from_sustainable_property_sr=1&from=searchresults
Jaz Fanara Resort,https://www.booking.com/hotel/eg/iberotel-club-fanara-residence.html?label=gen173nr-1FCAEoggI46AdIM1gEaEOIAQGYATG4ARfIAQ_YAQHoAQH4AQKIAgGoAgO4AtzRkroGwAIB0gIkNzI2MWQ0OTEtNzExNS00MTA4LTk0N2MtYjkwMDZmMmZlYWU32AIF4AIB&aid=304142&ucfs=1&arphpl=1&dest_id=-302053&dest_type=city&group_adults=2&req_adults=2&no_rooms=1&group_children=0&req_children=0&hpos=23&hapos=23&sr_order=popularity&srpvid=5ac17b52fb390544&srepoch=1732555941&from_sustainable_property_sr=1&from=searchresults
Oriental Rivoli Hotel & Spa,https://www.booking.com/hotel/eg/oriental-rivoli.html?label=gen173nr-1FCAEoggI46AdIM1gEaEOIAQGYATG4ARfIAQ_YAQHoAQH4AQKIAgGoAgO4AtzRkroGwAIB0gIkNzI2MWQ0OTEtNzExNS00MTA4LTk0N2MtYjkwMDZmMmZlYWU32AIF4AIB&aid=304142&ucfs=1&arphpl=1&dest_id=-302053&dest_type=city&group_adults=2&req_adults=2&no_rooms=1&group_children=0&req_children=0&hpos=24&hapos=24&sr_order=popularity&srpvid=5ac17b52fb390544&srepoch=1732555941&from_sustainable_property_sr=1&from=searchresults
Jaz Belvedere Resort,https://www.booking.com/hotel/eg/sol-y-mar-belvedere.html?label=gen173nr-1FCAEoggI46AdIM1gEaEOIAQGYATG4ARfIAQ_YAQHoAQH4AQKIAgGoAgO4AtzRkroGwAIB0gIkNzI2MWQ0OTEtNzExNS00MTA4LTk0N2MtYjkwMDZmMmZlYWU32AIF4AIB&aid=304142&ucfs=1&arphpl=1&dest_id=-302053&dest_type=city&group_adults=2&req_adults=2&no_rooms=1&group_children=0&req_children=0&hpos=25&hapos=25&sr_order=popularity&srpvid=5ac17b52fb390544&srepoch=1732555941&from_sustainable_property_sr=1&from=searchresults
Tolip Hotel Alexandria,https://www.booking.com/hotel/eg/royal-tulip-alexandria.html?label=gen173nr-1FCAEoggI46AdIM1gEaEOIAQGYATG4ARfIAQ_YAQHoAQH4AQKIAgGoAgO4AtzRkroGwAIB0gIkNzI2MWQ0OTEtNzExNS00MTA4LTk0N2MtYjkwMDZmMmZlYWU32AIF4AIB&aid=304142&ucfs=1&arphpl=1&dest_id=-290263&dest_type=city&group_adults=2&req_adults=2&no_rooms=1&group_children=0&req_children=0&hpos=1&hapos=1&sr_order=popularity&srpvid=898c7b530f9c0334&srepoch=1732555943&from=searchresults
Semiramis hotel,https://www.booking.com/hotel/eg/semiramis.html?label=gen173nr-1FCAEoggI46AdIM1gEaEOIAQGYATG4ARfIAQ_YAQHoAQH4AQKIAgGoAgO4AtzRkroGwAIB0gIkNzI2MWQ0OTEtNzExNS00MTA4LTk0N2MtYjkwMDZmMmZlYWU32AIF4AIB&aid=304142&ucfs=1&arphpl=1&dest_id=-290263&dest_type=city&group_adults=2&req_adults=2&no_rooms=1&group_children=0&req_children=0&hpos=2&hapos=2&sr_order=popularity&srpvid=898c7b530f9c0334&srepoch=1732555943&from=searchresults
Acropole Hotel,https://www.booking.com/hotel/eg/acropole-alexandria.html?label=gen173nr-1FCAEoggI46AdIM1gEaEOIAQGYATG4ARfIAQ_YAQHoAQH4AQKIAgGoAgO4AtzRkroGwAIB0gIkNzI2MWQ0OTEtNzExNS00MTA4LTk0N2MtYjkwMDZmMmZlYWU32AIF4AIB&aid=304142&ucfs=1&arphpl=1&dest_id=-290263&dest_type=city&group_adults=2&req_adults=2&no_rooms=1&group_children=0&req_children=0&hpos=3&hapos=3&sr_order=popularity&srpvid=898c7b530f9c0334&srepoch=1732555943&from=searchresults
Hyat WATERFALLS,https://www.booking.com/hotel/eg/hyat-waterfalls.html?label=gen173nr-1FCAEoggI46AdIM1gEaEOIAQGYATG4ARfIAQ_YAQHoAQH4AQKIAgGoAgO4AtzRkroGwAIB0gIkNzI2MWQ0OTEtNzExNS00MTA4LTk0N2MtYjkwMDZmMmZlYWU32AIF4AIB&aid=304142&ucfs=1&arphpl=1&dest_id=-290263&dest_type=city&group_adults=2&req_adults=2&no_rooms=1&group_children=0&req_children=0&hpos=4&hapos=4&sr_order=popularity&srpvid=898c7b530f9c0334&srepoch=1732555943&from=searchresults
Jewel San Stefano Hotel,https://www.booking.com/hotel/eg/jewel.html?label=gen173nr-1FCAEoggI46AdIM1gEaEOIAQGYATG4ARfIAQ_YAQHoAQH4AQKIAgGoAgO4AtzRkroGwAIB0gIkNzI2MWQ0OTEtNzExNS00MTA4LTk0N2MtYjkwMDZmMmZlYWU32AIF4AIB&aid=304142&ucfs=1&arphpl=1&dest_id=-290263&dest_type=city&group_adults=2&req_adults=2&no_rooms=1&group_children=0&req_children=0&hpos=5&hapos=5&sr_order=popularity&srpvid=898c7b530f9c0334&srepoch=1732555943&from=searchresults
Hilton Alexandria Corniche Hotel,https://www.booking.com/hotel/eg/hilton-alexandria-corniche.html?label=gen173nr-1FCAEoggI46AdIM1gEaEOIAQGYATG4ARfIAQ_YAQHoAQH4AQKIAgGoAgO4AtzRkroGwAIB0gIkNzI2MWQ0OTEtNzExNS00MTA4LTk0N2MtYjkwMDZmMmZlYWU32AIF4AIB&aid=304142&ucfs=1&arphpl=1&dest_id=-290263&dest_type=city&group_adults=2&req_adults=2&no_rooms=1&group_children=0&req_children=0&hpos=6&hapos=6&sr_order=popularity&srpvid=898c7b530f9c0334&srepoch=1732555943&from_sustainable_property_sr=1&from=searchresults
Plaza Hotel Alexandria,https://www.booking.com/hotel/eg/plaza.html?label=gen173nr-1FCAEoggI46AdIM1gEaEOIAQGYATG4ARfIAQ_YAQHoAQH4AQKIAgGoAgO4AtzRkroGwAIB0gIkNzI2MWQ0OTEtNzExNS00MTA4LTk0N2MtYjkwMDZmMmZlYWU32AIF4AIB&aid=304142&ucfs=1&arphpl=1&dest_id=-290263&dest_type=city&group_adults=2&req_adults=2&no_rooms=1&group_children=0&req_children=0&hpos=7&hapos=7&sr_order=popularity&srpvid=898c7b530f9c0334&srepoch=1732555943&from_sustainable_property_sr=1&from=searchresults
Helnan Royal Palestine Hotel - Montazah Gardens,https://www.booking.com/hotel/eg/helnan-palestine.html?label=gen173nr-1FCAEoggI46AdIM1gEaEOIAQGYATG4ARfIAQ_YAQHoAQH4AQKIAgGoAgO4AtzRkroGwAIB0gIkNzI2MWQ0OTEtNzExNS00MTA4LTk0N2MtYjkwMDZmMmZlYWU32AIF4AIB&aid=304142&ucfs=1&arphpl=1&dest_id=-290263&dest_type=city&group_adults=2&req_adults=2&no_rooms=1&group_children=0&req_children=0&hpos=8&hapos=8&sr_order=popularity&srpvid=898c7b530f9c0334&srepoch=1732555943&from_sustainable_property_sr=1&from=searchresults
Kaoud Sporting Hotel,https://www.booking.com/hotel/eg/kaoud-sporting-lskndry.html?label=gen173nr-1FCAEoggI46AdIM1gEaEOIAQGYATG4ARfIAQ_YAQHoAQH4AQKIAgGoAgO4AtzRkroGwAIB0gIkNzI2MWQ0OTEtNzExNS00MTA4LTk0N2MtYjkwMDZmMmZlYWU32AIF4AIB&aid=304142&ucfs=1&arphpl=1&dest_id=-290263&dest_type=city&group_adults=2&req_adults=2&no_rooms=1&group_children=0&req_children=0&hpos=9&hapos=9&sr_order=popularity&srpvid=898c7b530f9c0334&srepoch=1732555943&from=searchresults
Steigenberger Cecil Hotel Alexandria,https://www.booking.com/hotel/eg/cecil-alexandria.html?label=gen173nr-1FCAEoggI46AdIM1gEaEOIAQGYATG4ARfIAQ_YAQHoAQH4AQKIAgGoAgO4AtzRkroGwAIB0gIkNzI2MWQ0OTEtNzExNS00MTA4LTk0N2MtYjkwMDZmMmZlYWU32AIF4AIB&aid=304142&ucfs=1&arphpl=1&dest_id=-290263&dest_type=city&group_adults=2&req_adults=2&no_rooms=1&group_children=0&req_children=0&hpos=10&hapos=10&sr_order=popularity&srpvid=898c7b530f9c0334&srepoch=1732555943&from_sustainable_property_sr=1&from=searchresults
Clara Apartment,https://www.booking.com/hotel/eg/clara-appartament.html?label=gen173nr-1FCAEoggI46AdIM1gEaEOIAQGYATG4ARfIAQ_YAQHoAQH4AQKIAgGoAgO4AtzRkroGwAIB0gIkNzI2MWQ0OTEtNzExNS00MTA4LTk0N2MtYjkwMDZmMmZlYWU32AIF4AIB&aid=304142&ucfs=1&arphpl=1&dest_id=-290263&dest_type=city&group_adults=2&req_adults=2&no_rooms=1&group_children=0&req_children=0&hpos=11&hapos=11&sr_order=popularity&srpvid=898c7b530f9c0334&srepoch=1732555943&from=searchresults
